{
    "1": {
        "class": "bike",
        "length": 11,
        "tracks": [
            [
                1,
                388.568115234375,
                365.56634521484375,
                491.36376953125,
                498.52508544921875
            ],
            [
                2,
                389.8212890625,
                367.5509338378906,
                489.78997802734375,
                497.1984558105469
            ],
            [
                3,
                332.4211120605469,
                377.05926513671875,
                440.6187744140625,
                518.0402221679688
            ],
            [
                4,
                270.18560791015625,
                391.4839172363281,
                386.2516784667969,
                537.403564453125
            ],
            [
                5,
                266.81573486328125,
                395.76397705078125,
                389.5777282714844,
                541.3629150390625
            ],
            [
                6,
                201.22088623046875,
                407.30657958984375,
                327.5498046875,
                561.972412109375
            ],
            [
                7,
                137.26791381835938,
                422.7776184082031,
                262.8118591308594,
                579.212158203125
            ],
            [
                8,
                136.9719696044922,
                422.0921936035156,
                262.97003173828125,
                580.7332153320312
            ],
            [
                9,
                58.183990478515625,
                436.99285888671875,
                192.8875732421875,
                607.5632934570312
            ],
            [
                10,
                0.0610504150390625,
                458.44525146484375,
                111.5280990600586,
                629.59375
            ],
            [
                11,
                8.121139526367188,
                463.0381774902344,
                104.28436279296875,
                625.0350952148438
            ]
        ],
        "direction_id": 